0,Name,Data Types,Default Task,Attribute Types,# Instances,# Attributes,Year
1,Abalone,Multivariate,Classification,"Categorical, Integer, Real",4177,8,1995
2,Adult,Multivariate,Classification,"Categorical, Integer",48842,14,1996
3,Annealing,Multivariate,Classification,"Categorical, Integer, Real",798,38,
4,Anonymous Microsoft Web Data,,Recommender-Systems,Categorical,37711,294,1998
5,Arrhythmia,Multivariate,Classification,"Categorical, Integer, Real",452,279,1998
6,Artificial Characters,Multivariate,Classification,"Categorical, Integer, Real",6000,7,1992
7,Audiology (Original),Multivariate,Classification,Categorical,226,,1987
8,Audiology (Standardized),Multivariate,Classification,Categorical,226,69,1992
9,Auto MPG,Multivariate,Regression,"Categorical, Real",398,8,1993
10,Automobile,Multivariate,Regression,"Categorical, Integer, Real",205,26,1987
11,Badges,"Univariate, Text",Classification,,294,1,1994
12,Balance Scale,Multivariate,Classification,Categorical,625,4,1994
13,Balloons,Multivariate,Classification,Categorical,16,4,
14,Breast Cancer,Multivariate,Classification,Categorical,286,9,1988
15,Breast Cancer Wisconsin (Original),Multivariate,Classification,Integer,699,10,1992
16,Breast Cancer Wisconsin (Prognostic),Multivariate,"Classification, Regression",Real,198,34,1995
17,Breast Cancer Wisconsin (Diagnostic),Multivariate,Classification,Real,569,32,1995
18,Pittsburgh Bridges,Multivariate,Classification,"Categorical, Integer",108,13,1990
19,Car Evaluation,Multivariate,Classification,Categorical,1728,6,1997
20,Census Income,Multivariate,Classification,"Categorical, Integer",48842,14,1996
21,Chess (King-Rook vs. King-Knight),"Multivariate, Data-Generator",Classification,"Categorical, Integer",,22,1988
22,Chess (King-Rook vs. King-Pawn),Multivariate,Classification,Categorical,3196,36,1989
23,Chess (King-Rook vs. King),Multivariate,Classification,"Categorical, Integer",28056,6,1994
24,Chess (Domain Theories),Domain-Theory,,,,,
25,Bach Chorales,"Univariate, Time-Series",,"Categorical, Integer",100,6,
26,Connect-4,"Multivariate, Spatial",Classification,Categorical,67557,42,1995
27,Credit Approval,Multivariate,Classification,"Categorical, Integer, Real",690,15,
28,Japanese Credit Screening,"Multivariate, Domain-Theory",Classification,"Categorical, Real, Integer",125,,1992
29,Computer Hardware,Multivariate,Regression,Integer,209,9,1987
30,Contraceptive Method Choice,Multivariate,Classification,"Categorical, Integer",1473,9,1997
31,Covertype,Multivariate,Classification,"Categorical, Integer",581012,54,1998
32,Cylinder Bands,Multivariate,Classification,"Categorical, Integer, Real",512,39,1995
33,Dermatology,Multivariate,Classification,"Categorical, Integer",366,33,1998
34,Diabetes,"Multivariate, Time-Series",,"Categorical, Integer",,20,
35,DGP2 - The Second Data Generation Program,Data-Generator,,Real,,,
36,Document Understanding,,,,,,1994
37,EBL Domain Theories,,,,,,
38,Echocardiogram,Multivariate,Classification,"Categorical, Integer, Real",132,12,1989
39,Ecoli,Multivariate,Classification,Real,336,8,1996
40,Flags,Multivariate,Classification,"Categorical, Integer",194,30,1990
41,Function Finding,,Function-Learning,Real,352,,1990
42,Glass Identification,Multivariate,Classification,Real,214,10,1987
43,Haberman's Survival,Multivariate,Classification,Integer,306,3,1999
44,Hayes-Roth,Multivariate,Classification,Categorical,160,5,1989
45,Heart Disease,Multivariate,Classification,"Categorical, Integer, Real",303,75,1988
46,Hepatitis,Multivariate,Classification,"Categorical, Integer, Real",155,19,1988
47,Horse Colic,Multivariate,Classification,"Categorical, Integer, Real",368,27,1989
48,ICU,"Multivariate, Time-Series",,Real,,,
49,Image Segmentation,Multivariate,Classification,Real,2310,19,1990
50,Internet Advertisements,Multivariate,Classification,"Categorical, Integer, Real",3279,1558,1998
51,Ionosphere,Multivariate,Classification,"Integer, Real",351,34,1989
52,Iris,Multivariate,Classification,Real,150,4,1988
53,ISOLET,Multivariate,Classification,Real,7797,617,1994
54,Kinship,Relational,Relational-Learning,Categorical,104,12,1990
55,Labor Relations,Multivariate,,"Categorical, Integer, Real",57,16,1988
56,LED Display Domain,"Multivariate, Data-Generator",Classification,Categorical,,7,1988
57,Lenses,Multivariate,Classification,Categorical,24,4,1990
58,Letter Recognition,Multivariate,Classification,Integer,20000,16,1991
59,Liver Disorders,Multivariate,,"Categorical, Integer, Real",345,7,1990
60,Logic Theorist,Domain-Theory,,,,,
61,Lung Cancer,Multivariate,Classification,Integer,32,56,1992
62,Lymphography,Multivariate,Classification,Categorical,148,18,1988
63,Mechanical Analysis,Multivariate,Classification,"Categorical, Integer, Real",209,8,1990
64,Meta-data,Multivariate,Classification,"Categorical, Integer, Real",528,22,1996
65,Mobile Robots,Domain-Theory,,"Categorical, Integer, Real",,,1995
66,Molecular Biology (Promoter Gene Sequences),"Sequential, Domain-Theory",Classification,Categorical,106,58,1990
67,Molecular Biology (Protein Secondary Structure),Sequential,Classification,Categorical,128,,
68,Molecular Biology (Splice-junction Gene Sequences),"Sequential, Domain-Theory",Classification,Categorical,3190,61,1992
69,MONK's Problems,Multivariate,Classification,Categorical,432,7,1992
70,Moral Reasoner,Domain-Theory,,,202,,1994
71,Multiple Features,Multivariate,Classification,"Integer, Real",2000,649,
72,Mushroom,Multivariate,Classification,Categorical,8124,22,1987
73,Musk (Version 1),Multivariate,Classification,Integer,476,168,1994
74,Musk (Version 2),Multivariate,Classification,Integer,6598,168,1994
75,Nursery,Multivariate,Classification,Categorical,12960,8,1997
76,Othello Domain Theory,Domain-Theory,,,,,1991
77,Page Blocks Classification,Multivariate,Classification,"Integer, Real",5473,10,1995
78,Optical Recognition of Handwritten Digits,Multivariate,Classification,Integer,5620,64,1998
79,Pen-Based Recognition of Handwritten Digits,Multivariate,Classification,Integer,10992,16,1998
80,Post-Operative Patient,Multivariate,Classification,"Categorical, Integer",90,8,1993
81,Primary Tumor,Multivariate,Classification,Categorical,339,17,1988
82,Prodigy,Domain-Theory,,,,,
83,Qualitative Structure Activity Relationships,Domain-Theory,,,,,
84,Quadruped Mammals,"Multivariate, Data-Generator",Classification,Real,,72,1992
85,Servo,Multivariate,Regression,"Categorical, Integer",167,4,1993
86,Shuttle Landing Control,Multivariate,Classification,Categorical,15,6,1988
87,Solar Flare,Multivariate,Regression,Categorical,1389,10,1989
88,Soybean (Large),Multivariate,Classification,Categorical,307,35,1988
89,Soybean (Small),Multivariate,Classification,Categorical,47,35,1987
90,Challenger USA Space Shuttle O-Ring,Multivariate,Regression,Integer,23,4,1993
91,Low Resolution Spectrometer,Multivariate,Classification,"Integer, Real",531,102,1988
92,Spambase,Multivariate,Classification,"Integer, Real",4601,57,1999
93,SPECT Heart,Multivariate,Classification,Categorical,267,22,2001
94,SPECTF Heart,Multivariate,Classification,Integer,267,44,2001
95,Sponge,Multivariate,Clustering,"Categorical, Integer",76,45,
96,Statlog Project,,,,,,1992
97,Student Loan Relational,Domain-Theory,,,1000,,1993
98,Teaching Assistant Evaluation,Multivariate,Classification,"Categorical, Integer",151,5,1997
99,Tic-Tac-Toe Endgame,Multivariate,Classification,Categorical,958,9,1991
100,Thyroid Disease,"Multivariate, Domain-Theory",Classification,"Categorical, Real",7200,21,1987
101,Trains,Multivariate,Classification,Categorical,10,32,1994
102,University,Multivariate,Classification,"Categorical, Integer",285,17,1988
103,Congressional Voting Records,Multivariate,Classification,Categorical,435,16,1987
104,Water Treatment Plant,Multivariate,Clustering,"Integer, Real",527,38,1993
105,Waveform Database Generator (Version 1),"Multivariate, Data-Generator",Classification,Real,5000,21,1988
106,Waveform Database Generator (Version 2),"Multivariate, Data-Generator",Classification,Real,5000,40,1988
107,Wine,Multivariate,Classification,"Integer, Real",178,13,1991
108,Yeast,Multivariate,Classification,Real,1484,8,1996
109,Zoo,Multivariate,Classification,"Categorical, Integer",101,17,1990
110,Undocumented,,,,,,
111,Twenty Newsgroups,Text,,,20000,,1999
112,Australian Sign Language signs,"Multivariate, Time-Series",Classification,"Categorical, Real",6650,15,1999
113,Australian Sign Language signs (High Quality),"Multivariate, Time-Series",Classification,Real,2565,22,2002
114,US Census Data (1990),Multivariate,Clustering,Categorical,2458285,68,
115,Census-Income (KDD),Multivariate,Classification,"Categorical, Integer",299285,40,2000
116,Coil 1999 Competition Data,Multivariate,,"Categorical, Real",340,17,1999
117,Corel Image Features,Multivariate,,Real,68040,89,1999
118,E. Coli Genes,Relational,,,,,2001
119,EEG Database,"Multivariate, Time-Series",,"Categorical, Integer, Real",122,4,1999
120,El Nino,Spatio-temporal,,"Integer, Real",178080,12,1999
121,Entree Chicago Recommendation Data,"Transactional, Sequential",Recommender-Systems,Categorical,50672,,2000
122,CMU Face Images,Image,Classification,Integer,640,,1999
123,Insurance Company Benchmark (COIL 2000),Multivariate,"Regression, Description","Categorical, Integer",9000,86,2000
124,Internet Usage Data,Multivariate,,"Categorical, Integer",10104,72,1999
125,IPUMS Census Database,Multivariate,,"Categorical, Integer",256932,61,1999
126,Japanese Vowels,"Multivariate, Time-Series",Classification,Real,640,12,
127,KDD Cup 1998 Data,Multivariate,Regression,"Categorical, Integer",191779,481,1998
128,KDD Cup 1999 Data,Multivariate,Classification,"Categorical, Integer",4000000,42,1999
129,M. Tuberculosis Genes,Relational,,,,,2001
130,Movie,"Multivariate, Relational",,,10000,,1999
131,MSNBC.com Anonymous Web Data,Sequential,,Categorical,989818,,
132,NSF Research Award Abstracts 1990-2003,Text,,,129000,,2003
133,Pioneer-1 Mobile Robot Data,"Multivariate, Time-Series",,"Categorical, Real",,,1999
134,Pseudo Periodic Synthetic Time Series,"Univariate, Time-Series",,,100000,,1999
135,Reuters-21578 Text Categorization Collection,Text,Classification,Categorical,21578,5,1997
136,Robot Execution Failures,"Multivariate, Time-Series",Classification,Integer,463,90,1999
137,Synthetic Control Chart Time Series,Time-Series,"Classification, Clustering",Real,600,,1999
138,Syskill and Webert Web Page Ratings,"Multivariate, Text",Classification,Categorical,332,5,1998
139,UNIX User Data,"Text, Sequential",,,,,
140,Volcanoes on Venus - JARtool experiment,Image,Classification,,,,
141,Statlog (Australian Credit Approval),Multivariate,Classification,"Categorical, Integer, Real",690,14,
142,Statlog (German Credit Data),Multivariate,Classification,"Categorical, Integer",1000,20,1994
143,Statlog (Heart),Multivariate,Classification,"Categorical, Real",270,13,
144,Statlog (Landsat Satellite),Multivariate,Classification,Integer,6435,36,1993
145,Statlog (Image Segmentation),Multivariate,Classification,Real,2310,19,1990
146,Statlog (Shuttle),Multivariate,Classification,Integer,58000,9,
147,Statlog (Vehicle Silhouettes),Multivariate,Classification,Integer,946,18,
148,Connectionist Bench (Nettalk Corpus),Multivariate,,Categorical,20008,4,
149,"Connectionist Bench (Sonar, Mines vs. Rocks)",Multivariate,Classification,Real,208,60,
150,Connectionist Bench (Vowel Recognition - Deterding Data),,Classification,Real,528,10,
151,Economic Sanctions,Domain-Theory,,,,,
152,Protein Data,,,,,,
153,Cloud,Multivariate,,Real,1024,10,1989
154,CalIt2 Building People Counts,"Multivariate, Time-Series",,"Categorical, Integer",10080,4,2006
155,Dodgers Loop Sensor,"Multivariate, Time-Series",,"Categorical, Integer",50400,3,2006
156,Poker Hand,Multivariate,Classification,"Categorical, Integer",1025010,11,2007
157,MAGIC Gamma Telescope,Multivariate,Classification,Real,19020,11,2007
158,UJI Pen Characters,"Multivariate, Sequential",Classification,Integer,1364,,2007
159,Mammographic Mass,Multivariate,Classification,Integer,961,6,2007
160,Forest Fires,Multivariate,Regression,Real,517,13,2008
161,Reuters Transcribed Subset,Text,Classification,,200,,2008
162,Bag of Words,Text,Clustering,Integer,8000000,100000,2008
163,Concrete Compressive Strength,Multivariate,Regression,Real,1030,9,2007
164,Hill-Valley,Sequential,Classification,Real,606,101,2008
165,Arcene,Multivariate,Classification,Real,900,10000,2008
166,Dexter,Multivariate,Classification,Integer,2600,20000,2008
167,Dorothea,Multivariate,Classification,Integer,1950,100000,2008
168,Gisette,Multivariate,Classification,Integer,13500,5000,2008
169,Madelon,Multivariate,Classification,Real,4400,500,2008
170,Ozone Level Detection,"Multivariate, Sequential, Time-Series",Classification,Real,2536,73,2008
171,Abscisic Acid Signaling Network,Multivariate,Causal-Discovery,Integer,300,43,2008
172,Parkinsons,Multivariate,Classification,Real,197,23,2008
173,Character Trajectories,Time-Series,"Classification, Clustering",Real,2858,3,2008
174,Blood Transfusion Service Center,Multivariate,Classification,Real,748,5,2008
175,UJI Pen Characters (Version 2),"Multivariate, Sequential",Classification,Integer,11640,,2009
176,Semeion Handwritten Digit,Multivariate,Classification,Integer,1593,256,2008
177,SECOM,Multivariate,"Classification, Causal-Discovery",Real,1567,591,2008
178,Plants,Multivariate,Clustering,Categorical,22632,70,2008
179,Libras Movement,"Multivariate, Sequential","Classification, Clustering",Real,360,91,2009
180,Concrete Slump Test,Multivariate,Regression,Real,103,10,2009
181,Communities and Crime,Multivariate,Regression,Real,1994,128,2009
182,Acute Inflammations,Multivariate,Classification,"Categorical, Integer",120,6,2009
183,Wine Quality,Multivariate,"Classification, Regression",Real,4898,12,2009
184,URL Reputation,"Multivariate, Time-Series",Classification,"Integer, Real",2396130,3231961,2009
185,p53 Mutants,Multivariate,Classification,Real,16772,5409,2010
186,Parkinsons Telemonitoring,Multivariate,Regression,"Integer, Real",5875,26,2009
187,Demospongiae,Multivariate,Classification,Integer,503,,2010
188,Opinosis Opinion ⁄ Review,Text,,,51,,2010
189,Breast Tissue,Multivariate,Classification,Real,106,10,2010
190,Cardiotocography,Multivariate,Classification,Real,2126,23,2010
191,Wall-Following Robot Navigation Data,"Multivariate, Sequential",Classification,Real,5456,24,2010
192,Spoken Arabic Digit,"Multivariate, Time-Series",Classification,Real,8800,13,2010
193,Localization Data for Person Activity,"Univariate, Sequential, Time-Series",Classification,Real,164860,8,2010
194,AutoUniv,Multivariate,Classification,"Categorical, Integer, Real",,,2010
195,Steel Plates Faults,Multivariate,Classification,"Integer, Real",1941,27,2010
196,MiniBooNE particle identification,Multivariate,Classification,Real,130065,50,2010
197,YearPredictionMSD,Multivariate,Regression,Real,515345,90,2011
198,PEMS-SF,"Multivariate, Time-Series",Classification,Real,440,138672,2011
199,OpinRank Review Dataset,Text,,,,,2011
200,Relative location of CT slices on axial axis,Domain-Theory,Regression,Real,53500,386,2011
201,Online Handwritten Assamese Characters Dataset,"Multivariate, Sequential",Classification,Integer,8235,,2011
202,PubChem Bioassay Data,Multivariate,Classification,"Integer, Real",,,2011
203,Record Linkage Comparison Patterns,Multivariate,Classification,Real,5749132,12,2011
204,Communities and Crime Unnormalized,Multivariate,Regression,Real,2215,147,2011
205,Vertebral Column,Multivariate,Classification,Real,310,6,2011
206,EMG Physical Action Data Set,Time-Series,Classification,Real,10000,8,2011
207,Vicon Physical Action Data Set,Time-Series,Classification,Real,3000,27,2011
208,Amazon Commerce reviews set,"Multivariate, Text, Domain-Theory",Classification,Real,1500,10000,2011
209,Amazon Access Samples,"Time-Series, Domain-Theory","Regression, Clustering, Causal-Discovery",,30000,20000,2011
210,Reuter_50_50,"Multivariate, Text, Domain-Theory","Classification, Clustering",Real,2500,10000,2011
211,Farm Ads,Text,Classification,,4143,54877,2011
212,DBWorld e-mails,Text,Classification,,64,4702,2011
213,KEGG Metabolic Relation Network (Directed),"Multivariate, Univariate, Text","Classification, Regression, Clustering","Integer, Real",53414,24,2011
214,KEGG Metabolic Reaction Network (Undirected),"Multivariate, Univariate, Text","Classification, Regression, Clustering","Integer, Real",65554,29,2011
215,Bank Marketing,Multivariate,Classification,Real,45211,17,2012
216,YouTube Comedy Slam Preference Data,Text,Classification,,1138562,3,2012
217,Gas Sensor Array Drift Dataset,Multivariate,Classification,Real,13910,128,2012
218,ILPD (Indian Liver Patient Dataset),Multivariate,Classification,"Integer, Real",583,10,2012
219,OPPORTUNITY Activity Recognition,"Multivariate, Time-Series",Classification,Real,2551,242,2012
220,Nomao,Univariate,Classification,Real,34465,120,2012
221,SMS Spam Collection,"Multivariate, Text, Domain-Theory","Classification, Clustering",Real,5574,,2012
222,Skin Segmentation,Univariate,Classification,Real,245057,4,2012
223,Planning Relax,Univariate,Classification,Real,182,13,2012
224,PAMAP2 Physical Activity Monitoring,"Multivariate, Time-Series",Classification,Real,3850505,52,2012
225,Restaurant & consumer data,Multivariate,,,138,47,2012
226,CNAE-9,"Multivariate, Text",Classification,Integer,1080,857,2012
227,Individual household electric power consumption,"Multivariate, Time-Series","Regression, Clustering",Real,2075259,9,2012
228,seeds,Multivariate,"Classification, Clustering",Real,210,7,2012
229,Northix,"Multivariate, Univariate, Text",Classification,"Integer, Real",115,200,2012
230,QtyT40I10D100K,Sequential,,Integer,3960456,4,2012
231,Legal Case Reports,Text,Classification,,,,2012
232,Human Activity Recognition Using Smartphones,"Multivariate, Time-Series","Classification, Clustering",,10299,561,2012
233,One-hundred plant species leaves data set,,Classification,Real,1600,64,2012
234,Energy efficiency,Multivariate,"Classification, Regression","Integer, Real",768,8,2012
235,Yacht Hydrodynamics,Multivariate,Regression,Real,308,7,2013
236,Fertility,Multivariate,"Classification, Regression",Real,100,10,2013
237,Daphnet Freezing of Gait,"Multivariate, Time-Series",Classification,Real,237,9,2013
238,"3D Road Network (North Jutland, Denmark)","Sequential, Text","Regression, Clustering",Real,434874,4,2013
239,ISTANBUL STOCK EXCHANGE,"Multivariate, Univariate, Time-Series","Classification, Regression",Real,536,8,2013
240,Buzz in social media,"Time-Series, Multivariate","Regression, Classification","Integer, Real",140000,77,2013
241,First-order theorem proving,Multivariate,Classification,Real,6118,51,2013
242,Wearable Computing: Classification of Body Postures and Movements (PUC-Rio),Sequential,Classification,"Integer, Real",165632,18,2013
243,Gas sensor arrays in open sampling settings,"Multivariate, Time-Series",Classification,Real,18000,1950000,2013
244,Climate Model Simulation Crashes,Multivariate,Classification,Real,540,18,2013
245,MicroMass,Multivariate,Classification,Real,931,1300,2013
246,QSAR biodegradation,Multivariate,Classification,"Integer, Real",1055,41,2013
247,BLOGGER,Multivariate,Classification,,100,6,2013
248,Daily and Sports Activities,"Multivariate, Time-Series","Classification, Clustering",Real,9120,5625,2013
249,User Knowledge Modeling,Multivariate,"Classification, Clustering",Integer,403,5,2013
250,"Reuters RCV1 RCV2 Multilingual, Multiview Text Categorization Test collection",Multivariate,Classification,Real,111740,,2013
251,NYSK,"Multivariate, Sequential, Text",Clustering,,10421,7,2013
252,Turkiye Student Evaluation,Multivariate,"Classification, Clustering",,5820,33,2013
253,ser Knowledge Modeling Data (Students' Knowledge Levels on DC Electrical Machines),Multivariate,Classification,Real,403,5,2013
254,EEG Eye State,"Multivariate, Sequential, Time-Series",Classification,"Integer, Real",14980,15,2013
255,Physicochemical Properties of Protein Tertiary Structure,Multivariate,Regression,Real,45730,9,2013
256,seismic-bumps,Multivariate,Classification,Real,2584,19,2013
257,banknote authentication,Multivariate,Classification,Real,1372,5,2013
258,"USPTO Algorithm Challenge, run by NASA-Harvard Tournament Lab and TopCoder Problem: Pat",Domain-Theory,Classification,Integer,306,5,2013
259,YouTube Multiview Video Games Dataset,"Multivariate, Text","Classification, Clustering","Integer, Real",120000,1000000,2013
260,Gas Sensor Array Drift Dataset at Different Concentrations,"Multivariate, Time-Series","Classification, Regression, Clustering, Causa",Real,13910,129,2013
261,Activities of Daily Living (ADLs) Recognition Using Binary Sensors,"Multivariate, Sequential, Time-Series","Classification, Clustering",,2747,,2013
262,SkillCraft1 Master Table Dataset,Multivariate,Regression,"Integer, Real",3395,20,2013
263,Weight Lifting Exercises monitored with Inertial Measurement Units,Multivariate,Classification,Real,39242,152,2013
264,SML2010,"Multivariate, Sequential, Time-Series, Text",Regression,Real,4137,24,2014
265,Bike Sharing Dataset,Univariate,Regression,"Integer, Real",17389,16,2013
266,Predict keywords activities in a online social media,"Multivariate, Sequential, Time-Series",,"Integer, Real",51,35,2013
267,Thoracic Surgery Data,Multivariate,Classification,"Integer, Real",470,17,2013
268,EMG dataset in Lower Limb,"Multivariate, Time-Series",,Real,132,5,2014
269,SUSY,,Classification,Real,5000000,18,2014
270,HIGGS,,Classification,Real,11000000,28,2014
271,Qualitative_Bankruptcy,Multivariate,Classification,,250,7,2014
272,LSVT Voice Rehabilitation,Multivariate,Classification,Real,126,309,2014
273,Dataset for ADL Recognition with Wrist-worn Accelerometer,"Multivariate, Time-Series","Classification, Clustering",,,3,2014
274,Wilt,Multivariate,Classification,,4889,6,2014
275,User Identification From Walking Activity,"Univariate, Sequential, Time-Series","Classification, Clustering",Real,,,2014
276,Activity Recognition from Single Chest-Mounted Accelerometer,"Univariate, Sequential, Time-Series","Classification, Clustering",Real,,,2014
277,Leaf,Multivariate,Classification,Real,340,16,2014
278,Dresses_Attribute_Sales,Text,"Classification, Clustering",,501,13,2014
279,Tamilnadu Electricity Board Hourly Readings,Multivariate,"Classification, Regression, Clustering",Real,45781,5,2013
280,Airfoil Self-Noise,Multivariate,Regression,Real,1503,6,2014
281,Wholesale customers,Multivariate,"Classification, Clustering",Integer,440,8,2014
282,Twitter Data set for Arabic Sentiment Analysis,Text,Classification,,2000,2,2014
283,Combined Cycle Power Plant,Multivariate,Regression,Real,9568,4,2014
284,Urban Land Cover,Multivariate,Classification,,168,148,2014
285,Diabetes 130-US hospitals for years 1999-2008,Multivariate,"Classification, Clustering",Integer,100000,55,2014
286,Bach Choral Harmony,Sequential,Classification,,5665,17,2014
287,StoneFlakes,Multivariate,"Classification, Clustering, Causal-Discovery",Real,79,8,2014
288,Tennis Major Tournament Match Statistics,Multivariate,"Classification, Regression, Clustering","Integer, Real",127,42,2014
289,Parkinson Speech Dataset with Multiple Types of Sound Recordings,Multivariate,"Classification, Regression","Integer, Real",1040,26,2014
290,Gesture Phase Segmentation,"Multivariate, Sequential, Time-Series","Classification, Clustering",Real,9900,50,2014
291,Perfume Data,"Univariate, Domain-Theory","Classification, Clustering",Integer,560,2,2014
292,BlogFeedback,Multivariate,Regression,"Integer, Real",60021,281,2014
293,REALDISP Activity Recognition Dataset,"Multivariate, Time-Series",Classification,Real,1419,120,2014
294,Newspaper and magazine images segmentation dataset,,Classification,,101,,2014
295,AAAI 2014 Accepted Papers,Multivariate,Clustering,,399,6,2014
296,Gas sensor array under flow modulation,"Multivariate, Time-Series","Classification, Regression",Real,58,120432,2014
297,Gas sensor array exposed to turbulent gas mixtures,"Multivariate, Time-Series","Classification, Regression",Real,180,150000,2014
298,UJIIndoorLoc,Multivariate,"Classification, Regression","Integer, Real",21048,529,2014
299,Sentence Classification,Text,Classification,Integer,,,2014
300,Dow Jones Index,Time-Series,"Classification, Clustering","Integer, Real",750,16,2014
301,sEMG for Basic Hand movements,Time-Series,Classification,Real,3000,2500,2014
302,AAAI 2013 Accepted Papers,Multivariate,Clustering,,150,5,2014
303,Geographical Original of Music,Multivariate,"Classification, Regression",Real,1059,68,2014
304,Condition Based Maintenance of Naval Propulsion Plants,Multivariate,Regression,Real,11934,16,2014
305,Grammatical Facial Expressions,"Multivariate, Sequential","Classification, Clustering",Real,27965,100,2014
306,NoisyOffice,Multivariate,"Classification, Regression",Real,216,216,2015
307,MHEALTH Dataset,"Multivariate, Time-Series",Classification,Real,120,23,2014
308,Student Performance,Multivariate,"Classification, Regression",Integer,649,33,2014
309,ElectricityLoadDiagrams20112014,Time-Series,"Regression, Clustering",Real,370,140256,2015
310,Gas sensor array under dynamic gas mixtures,"Multivariate, Time-Series","Classification, Regression",Real,4178504,19,2015
311,microblogPCU,"Multivariate, Univariate, Sequential, Text","Classification, Causal-Discovery","Integer, Real",221579,20,2015
312,Firm-Teacher_Clave-Direction_Classification,Multivariate,Classification,,10800,20,2015
313,Dataset for Sensorless Drive Diagnosis,Multivariate,Classification,Real,58509,49,2015
314,TV News Channel Commercial Detection Dataset,Multivariate,"Classification, Clustering",Real,129685,12,2015
315,Phishing Websites,,Classification,Integer,2456,30,2015
316,Greenhouse Gas Observing Network,"Multivariate, Time-Series",Regression,Real,2921,5232,2015
317,Diabetic Retinopathy Debrecen Data Set,Multivariate,Classification,"Integer, Real",1151,20,2014
318,HIV-1 protease cleavage,Multivariate,Classification,Categorical,6590,1,2015
319,Sentiment Labelled Sentences,Text,Classification,,3000,,2015
320,Online News Popularity,Multivariate,"Classification, Regression","Integer, Real",39797,61,2015
321,Forest type mapping,Multivariate,Classification,,326,27,2015
322,wiki4HE,Multivariate,"Regression, Clustering, Causal-Discovery",,913,53,2015
323,Online Video Characteristics and Transcoding Time Dataset,Multivariate,Regression,"Integer, Real",168286,11,2015
324,Chronic_Kidney_Disease,Multivariate,Classification,Real,400,25,2015
325,Machine Learning based ZZAlpha Ltd. Stock Recommendations 2012-2014,"Sequential, Time-Series",Classification,Real,314080,0,2015
326,Folio,Multivariate,"Classification, Clustering",,637,20,2015
327,"Taxi Service Trajectory - Prediction Challenge, ECML PKDD 2015","Multivariate, Sequential, Time-Series, Domain-Theory","Clustering, Causal-Discovery",Real,1710671,9,2015
328,Cuff-Less Blood Pressure Estimation,Multivariate,"Classification, Regression",Real,12000,3,2015
329,Smartphone-Based Recognition of Human Activities and Postural Transitions,"Multivariate, Time-Series",Classification,Real,10929,561,2015
330,Mice Protein Expression,Multivariate,"Classification, Clustering",Real,1080,82,2015
331,UJIIndoorLoc-Mag,"Multivariate, Sequential, Time-Series","Classification, Regression, Clustering","Integer, Real",40000,13,2015
332,Heterogeneity Activity Recognition,"Multivariate, Time-Series","Classification, Clustering",Real,43930257,16,2015
333,Educational Process Mining (EPM): A Learning Analytics Data Set,"Multivariate, Sequential, Time-Series","Classification, Regression, Clustering",Integer,230318,13,2015
334,HEPMASS,Multivariate,Classification,Real,10500000,28,2016
335,Indoor User Movement Prediction from RSS data,"Multivariate, Sequential, Time-Series",Classification,Real,13197,4,2016
336,Open University Learning Analytics dataset,"Multivariate, Sequential, Time-Series","Classification, Regression, Clustering",Integer,,,2015
337,default of credit card clients,Multivariate,Classification,"Integer, Real",30000,24,2016
338,Mesotheliomaâs disease data set,Multivariate,Classification,Real,324,34,2016
339,Online Retail,"Multivariate, Sequential, Time-Series","Classification, Clustering","Integer, Real",541909,8,2015
340,SIFT10M,Multivariate,Causal-Discovery,Integer,11164866,128,2016
341,GPS Trajectories,Multivariate,"Classification, Regression",Real,163,15,2016
342,Detect Malacious Executable(AntiVirus),Multivariate,Classification,Real,373,513,2016
343,Occupancy Detection,"Multivariate, Time-Series",Classification,Real,20560,7,2016
344,Improved Spiral Test Using Digitized Graphics Tablet for Monitoring Parkinsonâs Disease,Multivariate,"Classification, Regression, Clustering",Real,40,7,2016
345,News Aggregator,Multivariate,"Classification, Clustering",,422937,5,2016
346,Air Quality,"Multivariate, Time-Series",Regression,Real,9358,15,2016
347,Twin gas sensor arrays,"Multivariate, Time-Series, Domain-Theory","Classification, Regression",Real,640,480000,2016
348,Gas sensors for home activity monitoring,"Multivariate, Time-Series",Classification,Real,919438,11,2016
349,Facebook Comment Volume Dataset,Multivariate,Regression,"Integer, Real",40949,54,2016
350,Smartphone Dataset for Human Activity Recognition (HAR) in Ambient Assisted Living (AAL),Time-Series,Classification,Real,5744,561,2016
351,Polish companies bankruptcy data,Multivariate,Classification,Real,10503,64,2016
352,Activity Recognition system based on Multisensor data fusion (AReM),"Multivariate, Sequential, Time-Series",Classification,Real,42240,6,2016
353,Dota2 Games Results,Multivariate,Classification,,102944,116,2016
354,Facebook metrics,Multivariate,Regression,Integer,500,19,2016
355,UbiqLog (smartphone lifelogging),Multivariate,Causal-Discovery,,9782222,,2016
356,NIPS Conference Papers 1987-2015,Text,Clustering,Integer,11463,5812,2016
357,HTRU2,Multivariate,"Classification, Clustering",Real,17898,9,2017
358,Drug consumption (quantified),Multivariate,Classification,Real,1885,32,2016
359,Appliances energy prediction,"Multivariate, Time-Series",Regression,Real,19735,29,2017
360,Miskolc IIS Hybrid IPS,Text,"Classification, Clustering, Causal-Discovery",Integer,1540,67,2016
361,KDC-4007 dataset Collection,"Multivariate, Text","Classification, Regression",Integer,4007,,2017
362,Geo-Magnetic field and WLAN dataset for indoor localisation from wristband and smartphone,"Multivariate, Sequential, Time-Series","Classification, Regression, Clustering","Integer, Real",153540,25,2017
363,DrivFace,Multivariate,"Classification, Regression, Clustering",Real,606,6400,2016
364,Website Phishing,Multivariate,Classification,Integer,1353,10,2016
365,YouTube Spam Collection,Text,Classification,,1956,5,2017
366,Beijing PM2.5 Data,"Multivariate, Time-Series",Regression,"Integer, Real",43824,13,2017
367,Cargo 2000 Freight Tracking and Tracing,"Multivariate, Sequential","Classification, Regression",Integer,3942,98,2016
368,Cervical cancer (Risk Factors),Multivariate,Classification,"Integer, Real",858,36,2017
369,Quality Assessment of Digital Colposcopies,Multivariate,Classification,Real,287,69,2017
370,KASANDR,Multivariate,Causal-Discovery,Integer,17764280,2158859,2017
371,FMA: A Dataset For Music Analysis,"Multivariate, Time-Series","Classification, Clustering",Real,106574,518,2017
372,Air quality,"Multivariate, Time-Series",Regression,Real,9358,15,2016
373,Epileptic Seizure Recognition,"Multivariate, Time-Series","Classification, Clustering","Integer, Real",11500,179,2017
374,Devanagari Handwritten Character Dataset,,Classification,Integer,92000,,2016
375,Stock portfolio performance,Multivariate,Regression,Real,315,12,2016
376,MoCap Hand Postures,Multivariate,"Classification, Clustering","Integer, Real",78095,38,2016
377,Early biomarkers of Parkinsons disease based on natural connected speech,Multivariate,"Classification, Regression","Integer, Real",130,65,2017
378,Data for Software Engineering Teamwork Assessment in Education Setting,"Sequential, Time-Series",Classification,"Integer, Real",74,102,2017
379,PM2.5 Data of Five Chinese Cities,"Multivariate, Time-Series",Regression,"Integer, Real",52854,86,2017
380,Parkinson Disease Spiral Drawings Using Digitized Graphics Tablet,Multivariate,"Classification, Regression, Clustering",Integer,77,7,2017
381,Sales_Transactions_Dataset_Weekly,"Multivariate, Time-Series",Clustering,"Integer, Real",811,53,2017
382,Las Vegas Strip,,"Classification, Regression",Integer,504,20,2017
383,Eco-hotel,Text,,,401,1,2017
384,MEU-Mobile KSD,Multivariate,Classification,"Integer, Real",2856,71,2016
385,Crowdsourced Mapping,Multivariate,Classification,,10546,29,2016
386,gene expression cancer RNA-Seq,Multivariate,"Classification, Clustering",Real,801,20531,2016
387,"Hybrid Indoor Positioning Dataset from WiFi RSSI, Bluetooth and magnetometer","Multivariate, Sequential, Time-Series",Classification,Real,1540,65,2016
388,chestnut â LARVIC,,"Classification, Clustering",,1451,3,2017
389,Burst Header Packet (BHP) flooding attack on Optical Burst Switching (OBS) Network,Text,Classification,Integer,1075,22,2017
390,Motion Capture Hand Postures,Multivariate,"Classification, Clustering",Real,78095,38,2017
391,Anuran Calls (MFCCs),Multivariate,"Classification, Clustering",Real,7195,22,2017
392,TTC-3600: Benchmark dataset for Turkish text categorization,Text,"Classification, Clustering",Integer,3600,4814,2017
393,Gastrointestinal Lesions in Regular Colonoscopy,Multivariate,Classification,Real,76,698,2016
394,Daily Demand Forecasting Orders,Time-Series,Regression,Integer,60,13,2017
395,Paper Reviews,Text,"Classification, Regression",Integer,405,10,2017
396,extention of Z-Alizadeh sani dataset,,Classification,"Integer, Real",303,59,2017
397,Z-Alizadeh Sani,,Classification,"Integer, Real",303,56,2017
398,Dynamic Features of VirusShare Executables,"Multivariate, Time-Series","Classification, Regression",Integer,107888,482,2017
399,IDA2016Challenge,Multivariate,Classification,Integer,76000,171,2017
400,DSRC Vehicle Communications,"Sequential, Text",Clustering,Real,10000,5,2017
401,Mturk User-Perceived Clusters over Images,"Multivariate, Text",Clustering,Integer,180,500,2016
402,Character Font Images,Multivariate,Classification,"Integer, Real",745000,411,2016
403,DeliciousMIL: A Data Set for Multi-Label Multi-Instance Learning with Instance Labels,Text,Classification,Integer,12234,8519,2016
404,Autistic Spectrum Disorder Screening Data for Children,Multivariate,Classification,Integer,292,21,2017
405,Autistic Spectrum Disorder Screening Data for Adolescent,Multivariate,Classification,Integer,104,21,2017
406,APS Failure at Scania Trucks,Multivariate,Classification,"Integer, Real",60000,171,2017
407,Wireless Indoor Localization,Multivariate,Classification,Real,2000,7,2017
408,HCC Survival,Multivariate,Classification,"Integer, Real",165,49,2017
409,CSM (Conventional and Social Media Movies) Dataset 2014 and 2015,Multivariate,"Classification, Regression",Integer,217,12,2017
410,University of Tehran Question Dataset 2016 (UTQD.2016),Text,Classification,,1175,3,2017
411,Autism Screening Adult,,Classification,Integer,704,21,2017
412,Activity recognition with healthy older people using a batteryless wearable sensor,Sequential,Classification,Real,75128,9,2016
413,Immunotherapy Dataset,Univariate,Classification,"Integer, Real",90,8,2018
414,Cryotherapy Dataset,Univariate,Classification,"Integer, Real",90,7,2018
415,OCT data & Color Fundus Images of Left & Right Eyes,Multivariate,Classification,Real,50,2,2016
416,Discrete Tone Image Dataset,Multivariate,Classification,,71,11,2018
417,News Popularity in Multiple Social Media Platforms,"Multivariate, Time-Series, Text",Regression,"Integer, Real",93239,11,2018
418,Ultrasonic flowmeter diagnostics,Multivariate,Classification,Real,540,173,2018
419,ICMLA 2014 Accepted Papers Data Set,Multivariate,"Classification, Clustering",,105,5,2018
420,BLE RSSI Dataset for Indoor localization and Navigation,"Multivariate, Sequential, Time-Series","Classification, Clustering",Integer,6611,15,2018
421,Container Crane Controller Data Set,"Univariate, Domain-Theory","Classification, Regression",Real,15,3,2018
422,Residential Building Data Set,Multivariate,Regression,Real,372,105,2018
423,Health News in Twitter,Text,Clustering,Real,58000,25000,2018
424,chipseq,Sequential,Classification,Integer,4960,,2018
425,SGEMM GPU kernel performance,Multivariate,Regression,Integer,241600,18,2018
426,Repeat Consumption Matrices,Multivariate,Clustering,Real,130000,21000,2018
427,detection_of_IoT_botnet_attacks_N_BaIoT,"Multivariate, Sequential","Classification, Clustering",Real,7062606,115,2018
428,Absenteeism at work,"Multivariate, Time-Series","Classification, Clustering","Integer, Real",740,21,2018
429,SCADI,Multivariate,"Classification, Clustering",,70,206,2018
430,Condition monitoring of hydraulic systems,"Multivariate, Time-Series","Classification, Regression",Real,2205,43680,2018
431,Carbon Nanotubes,Univariate,Regression,Real,10721,8,2018
432,Optical Interconnection Network,Multivariate,"Classification, Regression","Integer, Real",640,10,2018
433,Sports articles for objectivity analysis,"Multivariate, Text",Classification,Integer,1000,59,2018
434,Breast Cancer Coimbra,Multivariate,Classification,Integer,116,10,2018
435,GNFUV Unmanned Surface Vehicles Sensor Data,"Multivariate, Time-Series",Regression,Real,1672,5,2018
436,Dishonest Internet users Dataset,Multivariate,"Classification, Clustering",,322,5,2018
437,Victorian Era Authorship Attribution,Text,Classification,,93600,1000,2018
438,Simulated Falls and Daily Living Activities Data Set,Time-Series,Classification,Integer,3060,138,2018
439,Multimodal Damage Identification for Humanitarian Computing,"Multivariate, Text",Classification,Integer,5879,,2018
440,EEG Steady-State Visual Evoked Potential Signals,"Multivariate, Time-Series","Classification, Regression",Integer,9200,16,2018
441,Roman Urdu Data Set,Text,Classification,,20000,2,2018
442,Avila,Multivariate,Classification,Real,20867,10,2018
443,PANDOR,Multivariate,Recommendation,Categorical,,,2018
444,Drug Review Dataset (Druglib.com),"Multivariate, Text","Classification, Regression, Clustering",Integer,4143,8,2018
445,Drug Review Dataset (Drugs.com),"Multivariate, Text","Classification, Regression, Clustering",Integer,215063,6,2018
446,Physical Unclonable Functions,Multivariate,Classification,Integer,6000000,129,2018
447,Superconductivty Data,Multivariate,Regression,Real,21263,81,2018
448,WESAD (Wearable Stress and Affect Detection),"Multivariate, Time-Series","Classification, Regression",Real,63000000,12,2018
449,GNFUV Unmanned Surface Vehicles Sensor Data Set 2,"Multivariate, Sequential, Time-Series",Regression,Real,10190,6,2018
450,Student Academics Performance,Multivariate,Classification,,300,22,2018
451,Online Shoppers Purchasing Intention Dataset,Multivariate,"Classification, Clustering","Integer, Real",12330,18,2018
452,PMU-UD,Univariate,Classification,,5180,9,2018
453,Parkinson's Disease Classification,Multivariate,Classification,"Integer, Real",756,754,2018
454,Electrical Grid Stability Simulated Data,Multivariate,"Classification, Regression",Real,10000,14,2018
455,Caesarian Section Classification Dataset,Univariate,Classification,Integer,80,5,2018
456,BAUM-1,Time-Series,Classification,,1184,,2018
457,BAUM-2,Time-Series,Classification,,1047,,2018
458,Audit Data,Multivariate,Classification,Real,777,18,2018
459,BuddyMove Data Set,"Multivariate, Text","Classification, Clustering",Real,249,7,2018
460,Real estate valuation data set,Multivariate,Regression,"Integer, Real",414,7,2018
461,Early biomarkers of Parkinsonâs disease based on natural connected speech Data Set,Multivariate,Classification,Real,,,2018
462,Somerville Happiness Survey,,Classification,Integer,143,7,2018
463,2.4 GHZ Indoor Channel Measurements,Multivariate,Classification,Real,7840,5,2018
464,EMG data for gestures,Time-Series,Classification,Real,30000,6,2019
465,Parking Birmingham,"Multivariate, Univariate, Sequential, Time-Series","Classification, Regression, Clustering",Real,35717,4,2019
466,Behavior of the urban traffic of the city of Sao Paulo in Brazil,"Multivariate, Time-Series","Classification, Regression","Integer, Real",135,18,2018
467,Travel Reviews,"Multivariate, Text","Classification, Clustering",Real,980,11,2018
468,Tarvel Review Ratings,"Multivariate, Text","Classification, Clustering",Real,5456,25,2018
469,Rice Leaf Diseases,Multivariate,Classification,Integer,120,,2019
470,Gas sensor array temperature modulation,"Multivariate, Time-Series","Classification, Regression",Real,4095000,20,2019
471,Facebook Live Sellers in Thailand,Multivariate,Clustering,Integer,7051,12,2019
472,Parkinson Dataset with replicated acoustic features,Multivariate,Classification,,240,46,2019
473,Metro Interstate Traffic Volume,"Multivariate, Sequential, Time-Series",Regression,"Integer, Real",48204,9,2019
474,Query Analytics Workloads Dataset,Multivariate,"Regression, Clustering",Real,260000,8,2019
475,Wave Energy Converters,Multivariate,Regression,Real,288000,49,2019
476,PPG-DaLiA,"Multivariate, Time-Series",Regression,Real,8300000,11,2019
477,Alcohol QCM Sensor Dataset,Multivariate,"Classification, Regression, Clustering",Real,125,8,2019
478,Divorce Predictors data set,"Multivariate, Univariate",Classification,Integer,170,54,2019
479,Incident management process enriched event log,"Multivariate, Sequential","Regression, Clustering",Integer,141712,36,2019
480,Opinion Corpus for Lebanese Arabic Reviews (OCLAR),Text,Classification,Integer,3916,3916,2019
481,MEx,Time-Series,"Classification, Clustering",Real,6262,710,2019
482,Beijing Multi-Site Air-Quality Data,"Multivariate, Time-Series",Regression,"Integer, Real",420768,18,2019
483,Online Retail II,"Multivariate, Sequential, Time-Series, Text","Classification, Regression, Clustering","Integer, Real",1067371,8,2019
484,Hepatitis C Virus (HCV) for Egyptian patients,Multivariate,Classification,"Integer, Real",1385,29,2019
485,QSAR fish toxicity,Multivariate,Regression,Real,908,7,2019
486,QSAR aquatic toxicity,Multivariate,Regression,Real,546,9,2019
487,Human Activity Recognition from Continuous Ambient Sensor Data,"Multivariate, Sequential, Time-Series",Classification,"Integer, Real",13956534,37,2019
488,WISDM Smartphone and Smartwatch Activity and Biometrics Dataset,"Multivariate, Time-Series",Classification,Real,15630426,6,2019
489,QSAR oral toxicity,Multivariate,Classification,,8992,1024,2019
490,QSAR androgen receptor,Multivariate,Classification,,1687,1024,2019
491,QSAR Bioconcentration classes dataset,Multivariate,"Classification, Regression",,779,14,2019
492,QSAR fish bioconcentration factor (BCF),Multivariate,Regression,"Integer, Real",1056,7,2019
493,A study of Asian Religious and Biblical Texts,"Multivariate, Text","Classification, Clustering",Integer,590,8265,2019
494,Real-time Election Results: Portugal 2019,"Multivariate, Time-Series, Text",Regression,"Integer, Real",21643,29,2019
495,Bias correction of numerical prediction model temperature forecast,Multivariate,Regression,Real,7750,25,2020
496,Bar Crawl: Detecting Heavy Drinking,"Multivariate, Time-Series","Classification, Regression",Real,14057567,3,2020
497,Kitsune Network Attack Dataset,"Multivariate, Sequential, Time-Series","Classification, Clustering, Causal-Discovery",Real,27170754,115,2019
498,Shoulder Implant X-Ray Manufacturer Classification,Multivariate,Classification,Real,597,1,2020
499,Speaker Accent Recognition,Multivariate,Classification,Real,329,12,2020
500,Heart failure clinical records,Multivariate,"Classification, Regression, Clustering","Integer, Real",299,13,2020
501,Deepfakes: Medical Image Tamper Detection,Multivariate,Classification,Real,20000,200000,2020
502,selfBACK,Time-Series,"Classification, Clustering",Real,26136,6,2020
503,South German Credit,Multivariate,"Classification, Regression, Clustering","Integer, Real",1000,21,2019
504,Exasens,Multivariate,"Classification, Clustering",Integer,399,4,2020
505,Swarm Behaviour,Multivariate,Classification,Real,24017,2400,2020
506,Crop mapping using fused optical-radar data set,"Multivariate, Time-Series",Classification,Real,325834,175,2020
507,BitcoinHeistRansomwareAddressDataset,"Multivariate, Time-Series","Classification, Clustering","Integer, Real",2916697,10,2020
508,Facebook Large Page-Page Network,Multivariate,Classification,,22470,4714,2020
509,Amphibians,Multivariate,Classification,"Integer, Real",189,23,2020
510,Early stage diabetes risk prediction dataset.,Multivariate,Classification,,520,17,2020
511,Turkish Spam V01,Text,Classification,,826,2,2019
512,Stock keeping units,Multivariate,Clustering,"Integer, Real",2279,9,2019
513,Demand Forecasting for a store,Multivariate,Regression,Integer,28764,8,2019
514,Detect Malware Types,"Multivariate, Time-Series, Text",Classification,,7107,280,2019
515,Wave Energy Converters,Multivariate,Regression,Real,288000,49,2019
516,Youtube cookery channels viewers comments in Hinglish,"Multivariate, Text",Classification,,9800,3,2019
517,Pedestrian in Traffic Dataset,"Multivariate, Sequential, Time-Series","Classification, Regression, Causal-Discovery",Real,4760,14,2019
518,Cervical Cancer Behavior Risk,"Multivariate, Univariate","Classification, Clustering",Integer,72,19,2019
519,Sattriya_Dance_Single_Hand_Gestures Dataset,Multivariate,Classification,,1450,,2019
520,Divorce Predictors data set,"Multivariate, Univariate",Classification,Integer,170,54,2019
521,3W dataset,"Multivariate, Time-Series","Classification, Clustering","Integer, Real",1984,8,2019
522,Malware static and dynamic features VxHeaven and Virus Total,Multivariate,Classification,"Integer, Real",2955,1087,2019
523,Internet Firewall Data,Multivariate,Classification,,65532,12,2019
524,User Profiling and Abusive Language Detection Dataset,,Classification,,65919,3,2019
525,Estimation of obesity levels based on eating habits and physical condition,Multivariate,"Classification, Regression, Clustering",Integer,2111,17,2019
526,Rice (Cammeo and Osmancik),Multivariate,Classification,Real,3810,8,2019
527,Vehicle routing and scheduling problems,Multivariate,Clustering,"Integer, Real",18,9,2019
528,Algerian Forest Fires Dataset,Multivariate,"Classification, Regression",Real,244,12,2019
529,Breath Metabolomics,"Multivariate, Time-Series","Classification, Clustering",Real,104,1656,2019
530,Horton General Hospital,"Multivariate, Time-Series",Causal-Discovery,Integer,139,6,2019
531,"UrbanGB, urban road accidents coordinates labelled by the urban center",Univariate,Clustering,Real,360177,2,2019
532,Gas Turbine CO and NOx Emission Data Set,Multivariate,"Regression, Clustering",Real,36733,11,2019
533,Activity recognition using wearable physiological measurements,Multivariate,Classification,Real,4480,533,2019
534,clickstream data for online shopping,"Multivariate, Sequential","Classification, Regression, Clustering","Integer, Real",165474,14,2019
535,CNNpred: CNN-based stock market prediction using a diverse set of variables,"Sequential, Time-Series","Classification, Regression",Real,1985,84,2019
536,Apartment for rent classified,Multivariate,"Classification, Regression, Clustering",,10000,22,2019
537,: Simulated Data set of Iraqi tourism places,Multivariate,"Classification, Clustering",,232,16,2020
538,Nasarian CAD Dataset,Multivariate,Classification,,150,52,2020
539,Monolithic Columns in Troad and Mysia Region,Multivariate,Classification,Real,11,19,2020
540,Bar Crawl: Detecting Heavy Drinking,"Multivariate, Time-Series","Classification, Regression",Real,14057567,3,2020
541,Seoul Bike Sharing Demand,Multivariate,Regression,"Integer, Real",8760,14,2020
542,Person Classification Gait Data,Multivariate,Classification,Real,48,321,2020
543,Shill Bidding Dataset,Multivariate,"Classification, Clustering",,6321,13,2020
544,Iranian Churn Dataset,Multivariate,"Classification, Regression",Integer,3150,13,2020
545,Unmanned Aerial Vehicle (UAV) Intrusion Detection,Multivariate,Classification,Real,17256,55,2020
546,Bone marrow transplant: children,Multivariate,"Classification, Regression","Integer, Real",187,39,2020
547,Exasens,Multivariate,"Classification, Clustering",Integer,399,4,2020
548,COVID-19 Surveillance,Multivariate,Classification,,14,7,2020
549,Refractive errors,Multivariate,Classification,Integer,467,79,2020
550,Shoulder Implant X-Ray Manufacturer Classification,Multivariate,Classification,Real,597,1,2020
551,CLINC150,Text,Classification,,23700,,2020
552,HCV data,Multivariate,"Classification, Clustering","Integer, Real",615,14,2020
553,Taiwanese Bankruptcy Prediction,Multivariate,Classification,Integer,6819,96,2020
554,South German Credit (UPDATE),Multivariate,"Classification, Regression, Clustering","Integer, Real",1000,21,2020
555,IIWA14-R820-Gazebo-Dataset-10Trajectories,,Regression,Integer,,,2020
556,Guitar Chords finger positions,Text,Classification,,2633,5,2020
557,Russian Corpus of Biographical Texts,Text,Classification,,200,2,2020
558,Codon usage,Multivariate,"Classification, Clustering",,13028,69,2020
559,Intelligent Media Accelerometer and Gyroscope (IM-AccGyro) Dataset,Time-Series,Classification,Real,800,9,2020
560,Myocardial infarction complications,Multivariate,Classification,Real,1700,124,2020
561,Hungarian Chickenpox Cases,Time-Series,Regression,Real,521,20,2021
562,Simulated data for survival modelling,"Multivariate, Time-Series",Regression,"Integer, Real",120000,25,2018
563,Student Performance on an entrance examination,Multivariate,Classification,,666,11,2018
564,Chemical Composition of Ceramic Samples,Multivariate,"Classification, Clustering",Real,88,19,2019
565,Labeled Text Forum Threads Dataset,Text,Classification,Integer,200,9,2019
566,Stock keeping units,Multivariate,Clustering,"Integer, Real",2279,9,2019
567,BLE RSSI dataset for Indoor localization,"Sequential, Time-Series",Classification,Integer,23570,5,2019
568,Basketball dataset,Time-Series,Classification,Integer,10000,7,2019
569,GitHub MUSAE,Multivariate,Classification,,37700,4006,2019
570,Anticancer peptides,Sequential,Classification,,1850,2,2019
571,Monolithic Columns in Troad and Mysia Region,Multivariate,Classification,Real,11,19,2020
572,Gender by Name,Text,"Classification, Clustering",,147270,4,2020
573,Iranian Churn Dataset,Multivariate,"Classification, Regression",Integer,3150,13,2020
574,Unmanned Aerial Vehicle (UAV) Intrusion Detection,Multivariate,Classification,Real,17256,55,2020
575,Shoulder Implant Manufacture Classification,Multivariate,Classification,,597,1,2020
576,LastFM Asia Social Network,Multivariate,Classification,,7624,7842,2020
577,Wheat kernels,Multivariate,Classification,Real,314,15,2020
578,Productivity Prediction of Garment Employees,"Multivariate, Time-Series","Classification, Regression","Integer, Real",1197,15,2020
579,Multi-view Brain Networks,Multivariate,"Classification, Clustering",Integer,70,70,2020
580,LastFM Asia Social Network,Multivariate,Classification,,7624,7842,2020
581,Wisesight Sentiment Corpus,"Multivariate, Text",Classification,,26737,4,2020
582,AI4I 2020 Predictive Maintenance Dataset,"Multivariate, Time-Series","Classification, Regression, Causal-Discovery",Real,10000,14,2020
583,Dry Bean Dataset,Multivariate,Classification,"Integer, Real",13611,17,2020
584,in-vehicle coupon recommendation,Multivariate,Classification,,12684,23,2020
585,Gait Classification,Multivariate,Classification,Real,48,321,2020
586,Wikipedia Math Essentials,Time-Series,Regression,Real,731,1068,2021
587,Wikipedia Math Essentials,Time-Series,Regression,Real,731,1068,2021
588,Synchronous Machine Data Set,Multivariate,Regression,Real,557,5,2021
